pcode,township_name,latitude,longitude,total_population
MMR000,Township_0,16.7417,95.2038,22053
MMR001,Township_1,27.1129,98.8206,837554
MMR002,Township_2,23.1759,92.1295,47998
MMR003,Township_3,20.7759,93.0447,14892
MMR004,Township_4,12.8083,92.414,8709
MMR005,Township_5,12.8079,92.3666,10846
MMR006,Township_6,11.0455,99.6991,15354
MMR007,Township_7,25.5912,98.3329,11193
MMR008,Township_8,20.8201,96.2676,12379
MMR009,Township_9,22.7453,92.8805,17537
MMR010,Township_10,10.3705,96.4245,11767
MMR011,Township_11,27.4584,96.2612,182206
MMR012,Township_12,24.984,93.5588,7867
MMR013,Township_13,13.8221,95.9047,37074
MMR014,Township_14,13.2728,95.5865,26109
MMR015,Township_15,13.3013,97.5427,693374
MMR016,Township_16,15.4764,97.7158,9122
MMR017,Township_17,19.4456,92.4077,25119
MMR018,Township_18,17.775,95.3715,466865
MMR019,Township_19,15.2421,97.6327,145474
MMR020,Township_20,21.0134,96.5282,110161
MMR021,Township_21,12.5109,99.7084,15999
MMR022,Township_22,15.2586,97.9282,11653
MMR023,Township_23,16.5945,93.4664,59417
MMR024,Township_24,18.2093,92.6351,247640
MMR025,Township_25,24.1332,97.7818,41009
MMR026,Township_26,13.5941,92.2386,42985
MMR027,Township_27,19.2562,97.272,17240
MMR028,Township_28,20.6635,100.4621,87998
MMR029,Township_29,10.8361,97.1793,12401
MMR030,Township_30,20.9358,95.4935,19893
MMR031,Township_31,13.0694,97.7896,27345
MMR032,Township_32,11.1709,96.1243,35185
MMR033,Township_33,27.0799,96.9106,15165
MMR034,Township_34,27.3814,100.4732,9236
MMR035,Township_35,24.5512,95.4749,48767
MMR036,Township_36,15.483,100.6507,17744
MMR037,Township_37,11.7581,100.1482,44328
MMR038,Township_38,22.3162,93.7621,10913
MMR039,Township_39,17.9227,92.6243,32434
MMR040,Township_40,12.1967,92.907,38017
MMR041,Township_41,18.9132,92.164,6805
MMR042,Township_42,10.619,92.85,20733
MMR043,Township_43,26.3678,98.1471,10050
MMR044,Township_44,14.658,92.6407,7230
MMR045,Township_45,21.9254,94.8708,1029370
MMR046,Township_46,15.6108,99.6039,19808
MMR047,Township_47,19.3612,92.2094,106220
MMR048,Township_48,19.8408,99.3302,15821
MMR049,Township_49,13.3274,94.5367,62209
MMR050,Township_50,27.4525,93.0635,84550
MMR051,Township_51,23.9524,98.2706,46437
MMR052,Township_52,26.911,97.6605,31497
MMR053,Township_53,26.1069,99.8972,26226
MMR054,Township_54,20.7622,98.6156,21556
MMR055,Township_55,26.5937,99.2313,248064
MMR056,Township_56,11.5929,94.5383,118328
MMR057,Township_57,13.5277,93.597,422534
MMR058,Township_58,10.8141,98.7555,9625
MMR059,Township_59,15.8559,99.2615,74947
MMR060,Township_60,16.9962,100.9145,275358
MMR061,Township_61,14.8843,95.7136,12129
MMR062,Township_62,24.9173,95.3482,7347
MMR063,Township_63,16.4216,98.9877,78094
MMR064,Township_64,15.0568,95.0672,43379
MMR065,Township_65,19.7685,100.3768,125956
MMR066,Township_66,12.5366,99.7257,10279
MMR067,Township_67,24.4395,95.8609,98939
MMR068,Township_68,11.3419,98.7578,13098
MMR069,Township_69,27.764,98.7909,11326
MMR070,Township_70,23.9004,92.9281,11353
MMR071,Township_71,13.5769,100.123,108764
MMR072,Township_72,10.0994,96.5473,58699
MMR073,Township_73,24.6783,99.4381,36908
MMR074,Township_74,22.7234,94.8804,22244
MMR075,Township_75,23.1221,100.0597,157382
MMR076,Township_76,23.8829,95.5028,24702
MMR077,Township_77,11.3328,92.0975,109894
MMR078,Township_78,16.4524,100.1484,28518
MMR079,Township_79,12.0856,92.8216,23541
MMR080,Township_80,25.5359,94.8738,30650
MMR081,Township_81,21.2194,100.5506,18505
MMR082,Township_82,15.9562,100.5555,80195
MMR083,Township_83,11.1441,97.1609,34659
MMR084,Township_84,15.5977,97.6865,14631
MMR085,Township_85,15.8533,96.036,186423
MMR086,Township_86,23.1329,94.6389,24055
MMR087,Township_87,21.476,94.958,39341
MMR088,Township_88,25.9698,98.0527,197666
MMR089,Township_89,18.4999,98.7714,51019
MMR090,Township_90,12.1527,99.1242,9320
MMR091,Township_91,22.8384,99.1066,280631
MMR092,Township_92,23.6941,92.8209,51615
MMR093,Township_93,20.103,96.4498,20621
MMR094,Township_94,23.8774,92.518,10257
MMR095,Township_95,18.8883,96.9458,98359
MMR096,Township_96,19.4092,95.9738,50316
MMR097,Township_97,17.6957,99.9893,38121
MMR098,Township_98,10.4575,95.1582,178086
MMR099,Township_99,11.942,93.0536,95895
MMR100,Township_100,10.5657,93.2869,10794
MMR101,Township_101,21.4554,98.8536,19139
MMR102,Township_102,15.6584,97.564,15489
MMR103,Township_103,19.1543,92.9101,78998
MMR104,Township_104,26.3362,92.757,6149
MMR105,Township_105,14.4873,98.3087,42750
MMR106,Township_106,17.3869,92.6549,85359
MMR107,Township_107,23.5999,99.3967,156905
MMR108,Township_108,14.1184,98.3562,21098
MMR109,Township_109,11.3856,92.7321,112573
MMR110,Township_110,15.2155,92.7635,9064
MMR111,Township_111,12.902,100.8798,129371
MMR112,Township_112,26.7346,95.3684,9759
MMR113,Township_113,24.5462,95.3358,25074
MMR114,Township_114,21.4013,99.3152,99897
MMR115,Township_115,25.6863,100.5252,10718
MMR116,Township_116,24.4661,100.874,14478
MMR117,Township_117,13.3583,98.7804,72454
MMR118,Township_118,26.0661,95.3863,71833
MMR119,Township_119,19.7082,92.7515,54013
MMR120,Township_120,24.5339,98.9943,65096
MMR121,Township_121,26.1296,97.0256,39239
MMR122,Township_122,15.7241,95.818,15667
MMR123,Township_123,11.9809,100.1572,21341
MMR124,Township_124,14.1028,93.0008,12146
MMR125,Township_125,17.6879,96.4336,201149
MMR126,Township_126,24.7243,92.1022,44636
MMR127,Township_127,25.4932,96.2179,25352
MMR128,Township_128,10.1251,92.5067,30587
MMR129,Township_129,19.1935,93.0694,310635
MMR130,Township_130,17.5134,93.0577,10868
MMR131,Township_131,13.9979,97.8429,45045
MMR132,Township_132,12.1576,98.7144,34999
MMR133,Township_133,16.0771,97.2503,48902
MMR134,Township_134,26.9724,100.6596,5612
MMR135,Township_135,15.8177,95.3738,151989
MMR136,Township_136,19.3382,94.5714,255470
MMR137,Township_137,22.6543,99.8174,42109
MMR138,Township_138,16.5453,94.0124,65749
MMR139,Township_139,27.4921,100.669,230063
MMR140,Township_140,27.3241,92.1094,68403
MMR141,Township_141,14.5321,100.7289,10832
MMR142,Township_142,18.9505,92.3884,43631
MMR143,Township_143,15.4158,100.0203,48146
MMR144,Township_144,15.1271,96.7493,27236
MMR145,Township_145,10.664,100.9367,76634
MMR146,Township_146,20.9722,92.6642,262294
MMR147,Township_147,19.0482,96.9847,237574
MMR148,Township_148,10.9266,100.7237,29559
MMR149,Township_149,15.0156,96.7079,9170
MMR150,Township_150,26.3488,97.6646,771319
MMR151,Township_151,14.3121,98.2617,123876
MMR152,Township_152,12.6081,96.0909,9641
MMR153,Township_153,18.8101,97.648,226210
MMR154,Township_154,27.7417,97.2588,149734
MMR155,Township_155,14.357,100.1104,36428
MMR156,Township_156,22.0984,92.409,45785
MMR157,Township_157,23.7092,94.5287,25208
MMR158,Township_158,14.2775,100.5537,6912
MMR159,Township_159,23.1079,100.0124,20640
MMR160,Township_160,16.6201,96.1009,102608
MMR161,Township_161,21.3815,97.5812,5154
MMR162,Township_162,21.4035,94.4964,20529
MMR163,Township_163,19.6439,93.6931,25143
MMR164,Township_164,11.6252,96.1733,38591
MMR165,Township_165,25.0354,95.1802,223980
MMR166,Township_166,15.774,97.2529,21385
MMR167,Township_167,13.3573,92.6996,21426
MMR168,Township_168,10.734,100.7696,76960
MMR169,Township_169,20.6361,100.8759,29684
MMR170,Township_170,22.1962,98.2835,14240
MMR171,Township_171,10.2986,96.8249,29704
MMR172,Township_172,19.2177,94.7857,10325
MMR173,Township_173,14.0769,99.3242,11905
MMR174,Township_174,21.6131,98.1626,34197
MMR175,Township_175,13.1386,93.4636,26804
MMR176,Township_176,22.4369,100.1983,213324
MMR177,Township_177,16.9612,99.4028,22494
MMR178,Township_178,26.8611,100.5482,44236
MMR179,Township_179,12.4754,98.5315,52412
MMR180,Township_180,16.1392,97.5207,5441
MMR181,Township_181,12.0425,95.7642,58358
MMR182,Township_182,26.6445,100.3946,11981
MMR183,Township_183,25.7921,99.7946,390294
MMR184,Township_184,14.6429,92.407,10663
MMR185,Township_185,21.8797,92.2373,26451
MMR186,Township_186,24.71,95.3882,8063
MMR187,Township_187,19.9936,99.295,2293840
MMR188,Township_188,19.5337,100.8855,34603
MMR189,Township_189,14.3533,93.3538,46399
MMR190,Township_190,11.6758,97.3472,7368
MMR191,Township_191,26.1499,95.428,80978
MMR192,Township_192,26.2075,100.7292,13503
MMR193,Township_193,21.3958,99.5791,184117
MMR194,Township_194,16.1025,99.545,13269
MMR195,Township_195,16.2858,96.2182,12573
MMR196,Township_196,23.0672,95.7334,6256
MMR197,Township_197,26.148,94.4607,31545
MMR198,Township_198,25.9676,92.5074,42070
MMR199,Township_199,24.0378,99.7825,7317
MMR200,Township_200,21.5566,99.3161,90371
MMR201,Township_201,11.5145,100.9975,29782
MMR202,Township_202,12.9093,100.9697,37060
MMR203,Township_203,26.174,96.9989,28661
MMR204,Township_204,20.9157,98.9209,25345
MMR205,Township_205,10.1655,100.5029,41383
MMR206,Township_206,11.8265,99.6468,10951
MMR207,Township_207,21.943,94.2261,12162
MMR208,Township_208,10.0911,96.0549,142040
MMR209,Township_209,12.8945,93.1624,305477
MMR210,Township_210,19.8772,100.5865,23275
MMR211,Township_211,22.4541,97.4556,16713
MMR212,Township_212,21.7353,94.0578,54541
MMR213,Township_213,14.0368,98.0453,25976
MMR214,Township_214,22.8192,97.5632,5864
MMR215,Township_215,14.2705,95.2235,10992
MMR216,Township_216,15.8572,93.022,70716
MMR217,Township_217,23.4368,98.0442,57424
MMR218,Township_218,21.6934,96.6828,5924
MMR219,Township_219,25.286,98.9509,14107
MMR220,Township_220,21.837,96.6815,14572
MMR221,Township_221,20.2296,99.6696,60105
MMR222,Township_222,11.6861,96.9672,5668
MMR223,Township_223,16.6189,97.0484,8802
MMR224,Township_224,14.7736,99.8899,101160
MMR225,Township_225,14.3918,95.6313,12005
MMR226,Township_226,27.5142,93.2061,56205
MMR227,Township_227,17.0758,92.259,14942
MMR228,Township_228,26.0568,98.7962,8616
MMR229,Township_229,21.3605,97.5828,15205
MMR230,Township_230,24.3066,98.3367,72458
MMR231,Township_231,19.0475,93.9167,136740
MMR232,Township_232,20.3843,93.2273,118071
MMR233,Township_233,18.8653,92.1309,25066
MMR234,Township_234,13.5144,95.1553,59300
MMR235,Township_235,23.0041,97.3093,13262
MMR236,Township_236,15.0539,95.5302,18011
MMR237,Township_237,10.4377,95.9373,181577
MMR238,Township_238,21.6185,100.1374,5438
MMR239,Township_239,13.188,95.1343,8070
MMR240,Township_240,26.9283,96.6259,13404
MMR241,Township_241,27.1707,99.0529,5904
MMR242,Township_242,26.4676,95.5689,12139
MMR243,Township_243,16.6629,97.5988,44586
MMR244,Township_244,10.2782,99.7613,27010
MMR245,Township_245,26.7097,100.5457,176391
MMR246,Township_246,17.7073,93.3237,110371
MMR247,Township_247,27.3998,100.3393,21080
MMR248,Township_248,27.3452,96.429,16083
MMR249,Township_249,25.3542,94.3242,23743
MMR250,Township_250,15.3001,96.1322,45640
MMR251,Township_251,16.9318,100.8203,16563
MMR252,Township_252,25.3205,96.4336,51004
MMR253,Township_253,15.7046,94.9588,26030
MMR254,Township_254,13.0509,97.7006,40404
MMR255,Township_255,20.0224,94.1613,28256
MMR256,Township_256,26.8508,92.6828,18089
MMR257,Township_257,22.5285,93.1599,315996
MMR258,Township_258,20.2611,93.1524,85781
MMR259,Township_259,11.7492,93.3671,10293
MMR260,Township_260,21.0701,93.2494,148322
MMR261,Township_261,27.821,97.7679,33067
MMR262,Township_262,12.5215,93.6369,179015
MMR263,Township_263,19.3299,95.111,101130
MMR264,Township_264,25.7927,100.0711,27326
MMR265,Township_265,23.3338,96.2657,5763
MMR266,Township_266,22.5463,98.008,16597
MMR267,Township_267,22.6447,93.5509,39106
MMR268,Township_268,16.4708,93.7306,52627
MMR269,Township_269,15.2847,92.3678,15999
MMR270,Township_270,24.5685,93.5204,10261
MMR271,Township_271,24.582,94.5073,121159
MMR272,Township_272,25.6073,93.5931,755929
MMR273,Township_273,26.4383,92.7983,37210
MMR274,Township_274,19.2042,93.0857,11689
MMR275,Township_275,19.0273,96.147,16802
MMR276,Township_276,24.3693,93.857,5622
MMR277,Township_277,21.6994,95.2784,212224
MMR278,Township_278,22.6354,96.5308,9355
MMR279,Township_279,24.3243,98.2136,43663
MMR280,Township_280,26.0201,92.3538,16901
MMR281,Township_281,16.0839,99.1947,40676
MMR282,Township_282,16.7605,97.6511,55948
MMR283,Township_283,11.6917,92.7358,117766
MMR284,Township_284,20.409,99.8622,13332
MMR285,Township_285,10.647,100.2879,5369
MMR286,Township_286,18.3808,92.5497,10155
MMR287,Township_287,19.7676,94.4919,187108
MMR288,Township_288,15.1577,99.2558,153824
MMR289,Township_289,20.635,98.7343,46705
MMR290,Township_290,10.549,93.6607,47180
MMR291,Township_291,10.6723,93.8841,58666
MMR292,Township_292,24.8068,95.3342,11858
MMR293,Township_293,16.4834,96.3607,212450
MMR294,Township_294,12.2871,97.5643,26791
MMR295,Township_295,19.4004,95.3202,23999
MMR296,Township_296,23.8599,96.1628,36437
MMR297,Township_297,13.8848,98.7272,6629
MMR298,Township_298,21.212,92.3301,11444
MMR299,Township_299,11.5363,94.2719,77125
MMR300,Township_300,10.9303,98.4201,7965
MMR301,Township_301,19.5644,100.0569,47587
MMR302,Township_302,19.7314,96.6051,15321
MMR303,Township_303,21.4737,96.789,24462
MMR304,Township_304,23.0696,92.9645,17747
MMR305,Township_305,27.5653,96.0267,22024
MMR306,Township_306,19.2934,96.7936,71559
MMR307,Township_307,15.8132,94.1822,18248
MMR308,Township_308,24.3134,94.4232,42279
MMR309,Township_309,14.875,95.3956,31932
MMR310,Township_310,17.9015,92.1806,58385
MMR311,Township_311,11.4122,94.8987,270230
MMR312,Township_312,10.4563,93.903,75457
MMR313,Township_313,27.3277,94.9475,13753
MMR314,Township_314,25.0476,93.0779,6067
MMR315,Township_315,22.5275,100.0147,16240
MMR316,Township_316,17.3612,97.3423,46352
MMR317,Township_317,13.1193,98.1119,6791
MMR318,Township_318,12.8159,99.1025,33987
MMR319,Township_319,14.5044,96.486,46619
MMR320,Township_320,19.8861,92.7823,20578
MMR321,Township_321,22.8627,96.834,88547
MMR322,Township_322,21.8836,97.2816,8902
MMR323,Township_323,15.0388,98.709,7672
MMR324,Township_324,27.1876,95.8849,74158
MMR325,Township_325,23.2821,93.1482,33896
MMR326,Township_326,19.9784,94.554,63786
MMR327,Township_327,21.011,95.2677,28144
MMR328,Township_328,17.5528,97.8133,15377
MMR329,Township_329,14.4592,97.137,111320
